쉼터명,법정동명,쉼터유형구분,운영시작일자,운영종료일자,시설면적,이용가능인원수,선풍기보유대수,에어컨보유대수,야간연장운영여부,주말운영여부,숙박가능여부,특이사항,소재지도로명주소,소재지지번주소,관리기관명,관리기관전화번호,위도,경도,데이터기준일자,UTM-K_위도변환,UTM-K_경도변환
대한경로당,서울특별시 동작구 노량진1동,노인시설,2020-05-18,2020-09-30,67.6,50,6,6,N,N,N,,서울특별시 동작구  노량진로14길  44   (노량진동),서울특별시 동작구 노량진동 84-33,서울특별시 동작구청,02-820-9560,37.5117093,126.9426659,2020-03-27,545805.2496,194930.9983
본동SH-Ville A.경로당,서울특별시 동작구 노량진1동,노인시설,2020-05-18,2020-09-30,71.97,40,1,1,N,N,N,,"서울특별시 동작구  노량진로22길  60   (본동, 본동 에스에이치빌)",서울특별시 동작구 본동 490,서울특별시 동작구청,02-820-9560,37.5107755,126.9497923,2020-03-27,545701.2497,195560.9997
유원A.경로당,서울특별시 동작구 노량진1동,노인시설,2020-05-18,2020-09-30,60.85,40,2,1,N,N,N,,"서울특별시 동작구  노량진로23가길  16 , 상가 (본동, 유원강변아파트)",서울특별시 동작구 본동 482 유원강변아파트 상가,서울특별시 동작구청,02-820-9560,37.5147226,126.9515344,2020-03-27,546139.2468,195715.2492
래미안트윈파크A.경로당,서울특별시 동작구 노량진1동,노인시설,2020-05-18,2020-09-30,189.53,60,2,2,N,N,N,,"서울특별시 동작구  노량진로23가길  23   (본동, 래미안 트윈파크)",서울특별시 동작구 본동 494,서울특별시 동작구청,02-820-9560,37.5141277,126.9508307,2020-03-27,546073.2528,195653.002
한강쌍용A.경로당,서울특별시 동작구 노량진1동,노인시설,2020-05-18,2020-09-30,83.7,40,3,1,N,N,N,,"서울특별시 동작구  노량진로24길  2   (본동, 한강쌍용아파트)",서울특별시 동작구 본동 150,서울특별시 동작구청,02-820-9560,37.5123694,126.9531138,2020-03-27,545878.0008,195854.7508
충신경로당,서울특별시 동작구 노량진1동,노인시설,2020-05-18,2020-09-30,132,60,2,1,N,N,N,,서울특별시 동작구  노량진로28길  31   (본동),서울특별시 동작구 본동 47-25,서울특별시 동작구청,02-820-9560,37.5117555,126.9558768,2020-03-27,545809.7475,196098.9981
경동A.경로당,서울특별시 동작구 노량진1동,노인시설,2020-05-18,2020-09-30,83.23,40,2,1,N,N,N,,"서울특별시 동작구  노량진로32길  156   (본동, 경동윈츠리버아파트)",서울특별시 동작구 본동 484,서울특별시 동작구청,02-820-9560,37.5099845,126.9545602,2020-03-27,545613.2445,195982.5005
본동종합사회복지관,서울특별시 동작구 노량진1동,복지회관,2020-05-18,2020-09-30,52.8,60,2,2,Y,Y,N,,서울특별시 동작구  노량진로32길  79   (본동),서울특별시 동작구 본동 16-3,서울특별시 동작구청,02-820-9560,37.5105643,126.9569096,2020-03-27,545677.4972,196190.249
신동아리버파크A.경로당,서울특별시 동작구 노량진1동,노인시설,2020-05-18,2020-09-30,276.54,80,4,2,N,N,N,,"서울특별시 동작구  만양로  19   (노량진동, 신동아리버파크임대아파트)",서울특별시 동작구 노량진동 325,서울특별시 동작구청,02-820-9560,37.5079886,126.9435934,2020-03-27,545392.2499,195012.7526
노량진1동경로당,서울특별시 동작구 노량진1동,노인시설,2020-05-18,2020-09-30,249,80,8,4,N,N,N,,서울특별시 동작구  만양로  77   (노량진동),서울특별시 동작구 노량진동 224-6,서울특별시 동작구청,02-820-9560,37.5103903,126.9446152,2020-03-27,545658.7542,195103.2529
삼익A.경로당,서울특별시 동작구 노량진1동,노인시설,2020-05-18,2020-09-30,148.11,60,2,3,N,N,N,,"서울특별시 동작구  만양로  84   (노량진동, 삼익주상복합아파트)",서울특별시 동작구 노량진동 330,서울특별시 동작구청,02-820-9560,37.5109692,126.9448014,2020-03-27,545722.9951,195119.7532
한마음경로당,서울특별시 동작구 노량진1동,노인시설,2020-05-18,2020-09-30,115.5,29,2,3,N,N,N,,서울특별시 동작구  만양로4길  38   (본동),서울특별시 동작구 본동 산11-1,서울특별시 동작구청,02-820-9560,37.5079536,126.9510553,2020-03-27,545387.996,195672.5021
우성A.경로당,서울특별시 동작구 노량진1동,노인시설,2020-05-18,2020-09-30,165,60,2,1,N,N,N,,"서울특별시 동작구  만양로8길  50   (노량진동, 우성아파트)",서울특별시 동작구 노량진동 323,서울특별시 동작구청,02-820-9560,37.5103979,126.9465521,2020-03-27,545659.4987,195274.501
본동삼성래미안A.경로당,서울특별시 동작구 노량진1동,노인시설,2020-05-18,2020-09-30,74.68,40,3,1,N,N,N,,"서울특별시 동작구  매봉로  123   (본동, 삼성래미안아파트)",서울특별시 동작구 본동 492,서울특별시 동작구청,02-820-9560,37.5098499,126.9501322,2020-03-27,545598.5039,195590.9968
신동아A.경로당,서울특별시 동작구 노량진1동,노인시설,2020-05-18,2020-09-30,66,40,3,2,N,N,N,,서울특별시 동작구  매봉로  134,서울특별시 동작구 본동 481,서울특별시 동작구청,02-820-9560,37.5097019,126.9518459,2020-03-27,545581.9989,195742.5032
극동강변A.경로당,서울특별시 동작구 노량진1동,노인시설,2020-05-18,2020-09-30,50.43,20,2,1,N,N,N,,"서울특별시 동작구  매봉로  156   (본동, 극동아파트)",서울특별시 동작구 본동 148-2 극동아파트,서울특별시 동작구청,02-820-9560,37.5116414,126.952003,2020-03-27,545797.2516,195756.5028
한신휴플러스101동A.경로당,서울특별시 동작구 노량진1동,노인시설,2020-05-18,2020-09-30,33.26,20,2,1,N,N,N,,"서울특별시 동작구  매봉로  99   (본동, 한신휴플러스아파트)",서울특별시 동작구 본동 488,서울특별시 동작구청,02-820-9560,37.5089308,126.9501328,2020-03-27,545496.4955,195590.9958
한신휴플러스A.경로당,서울특별시 동작구 노량진1동,노인시설,2020-05-18,2020-09-30,109.3,60,2,1,N,N,N,,"서울특별시 동작구  매봉로  99   (본동, 한신휴플러스아파트)",서울특별시 동작구 본동 487,서울특별시 동작구청,02-820-9560,37.5089489,126.9501555,2020-03-27,545498.5033,195593.0039
노량진1동 주민센터,서울특별시 동작구 노량진1동,주민센터,2020-05-18,2020-09-30,547.93,100,0,2,Y,Y,N,,서울특별시 동작구  장승배기로28길  30   (노량진동),서울특별시 동작구 노량진동 84-100,서울특별시 동작구청,02-820-9560,37.5122991,126.9420264,2020-03-27,545870.7446,194874.4994
한강형인아파트경로당,서울특별시 동작구 노량진1동,노인시설,2020-05-18,2020-09-30,24,10,2,2,N,N,N,,서울특별시 동작구 만양로 36,서울특별시 동작구 노량진동 331-0,서울특별시 동작구청,02-820-9560,37.5077497,126.948259,2020-03-27,545365.498,195425.2518
신동아A.우리경로당,서울특별시 동작구 노량진1동,노인시설,2020-05-18,2020-09-30,136,60,5,3,N,N,N,,서울특별시 동작구 만양로3길 78,서울특별시 동작구 노량진동 327-0,서울특별시 동작구청,02-820-9560,37.5060167,126.9416269,2020-03-27,545173.5003,194838.7467
백로경로당,서울특별시 동작구 노량진2동,노인시설,2020-05-18,2020-09-30,183.76,45,5,1,N,N,N,,서울특별시 동작구  장승배기로17길  26   (노량진동),서울특별시 동작구 노량진동 314-6,서울특별시 동작구청,02-820-9560,37.5069656,126.9383859,2020-03-27,545278.9987,194552.2517
백송경로당,서울특별시 동작구 노량진2동,노인시설,2020-05-18,2020-09-30,163.63,40,5,1,N,N,N,,서울특별시 동작구  노량진로6길  50-14  (노량진동),서울특별시 동작구 노량진동 273-19,서울특별시 동작구청,02-820-9560,37.510505,126.9354309,2020-03-27,545672.002,194291.2483
노량진2동 주민센터,서울특별시 동작구 노량진2동,주민센터,2020-05-18,2020-09-30,943,100,2,2,Y,Y,N,,서울특별시 동작구  장승배기로19길  48   (노량진동),서울특별시 동작구 노량진동 302-97,서울특별시 동작구청,02-820-9560,37.5085193,126.9373525,2020-03-27,545451.4998,194460.9961
우리은행 동작구청지점,서울특별시 동작구 노량진2동,금융기관,2020-05-18,2020-09-30,300,20,0,3,N,N,N,,서울특별시 동작구 장승배기로 161,서울특별시 동작구 노량진동 47-2,서울특별시 동작구청,02-820-9560,37.5119865,126.9398438,2020-03-27,545836.1711,194681.5115
동작구청 민원여권과,서울특별시 동작구 노량진2동,기타,2020-05-18,2020-09-30,231,50,0,9,N,N,N,,서울특별시 동작구 장승배기로 161,서울특별시 동작구 노량진동 47-2,서울특별시 동작구청,02-820-9560,37.5124037,126.9394701,2020-03-27,545882.4962,194648.5019
상도1동경로당,서울특별시 동작구 상도1동,노인시설,2020-05-18,2020-09-30,155.22,39,2,3,N,N,N,,서울특별시 동작구 상도로38길 86,서울특별시 동작구 상도동 159-282,서울특별시 동작구청,02-820-9560,37.5003623,126.9482213,2020-03-27,544545.5935,195421.4674
상도종합사회복지관,서울특별시 동작구 상도1동,복지회관,2020-05-18,2020-09-30,405.6,30,4,5,Y,Y,N,,"서울특별시 동작구  상도로39가길  7 , 상도종합사회복지관 (상도1동)",서울특별시 동작구 상도1동 456 상도종합사회복지관,서울특별시 동작구청,02-820-9560,37.502493,126.9496932,2020-03-27,544782.0031,195551.7466
상도은빛어르신복지관,서울특별시 동작구 상도1동,복지회관,2020-05-18,2020-09-30,650.61,100,0,11,N,N,N,,서울특별시 동작구 매봉로 36,서울특별시 동작구 상도1동 535-0,서울특별시 동작구청,02-820-9560,37.5065009,126.9513135,2020-03-27,545226.7531,195695.2477
상도엠코1차센트럴파크A.경로당,서울특별시 동작구 상도1동,노인시설,2020-05-18,2020-09-30,208.46,52,5,5,N,N,N,,서울특별시 동작구 상도로 346-1,서울특별시 동작구 상도동 531-0,서울특별시 동작구청,02-820-9560,37.4957472,126.9508625,2020-03-27,544033.2522,195654.7482
상도패리스 경로당,서울특별시 동작구 상도1동,노인시설,2020-05-18,2020-09-30,48.17,12,2,1,N,N,N,,"서울특별시 동작구  상도로47바길  40   (상도동, 상도패리스)",서울특별시 동작구 상도동 460 상도패리스,서울특별시 동작구청,02-820-9560,37.5034792,126.9543068,2020-03-27,544891.2505,195959.7459
상도엠코타운애스톤파크A경로당,서울특별시 동작구 상도1동,노인시설,2020-05-18,2020-09-30,141.25,35,3,4,N,N,N,,"서울특별시 동작구  상도로  346-2  (상도동, 상도 엠코타운 애스톤파크)",서울특별시 동작구 상도동 533 상도 엠코타운 애스톤파크,서울특별시 동작구청,02-820-9560,37.4972761,126.9494904,2020-03-27,544203.0044,195533.5038
삼환나우빌아파트경로당,서울특별시 동작구 상도1동,노인시설,2020-05-18,2020-09-30,111.01,28,1,1,N,N,N,,"서울특별시 동작구  상도로55길  25   (상도동, 삼환나우빌)",서울특별시 동작구 상도동 520,서울특별시 동작구청,02-820-9560,37.498306,126.9565237,2020-03-27,544316.9994,196155.5019
래미안상도3차아파트경로당,서울특별시 동작구 상도1동,노인시설,2020-05-18,2020-09-30,270,68,2,2,N,N,N,,서울특별시 동작구 상도로53길 8,서울특별시 동작구 상도동 431-0,서울특별시 동작구청,02-820-9560,37.4991882,126.9544763,2020-03-27,544414.9977,195974.5029
삼호아파트경로당,서울특별시 동작구 상도1동,노인시설,2020-05-18,2020-09-30,98.76,25,3,2,N,N,N,,"서울특별시 동작구  상도로  407   (상도동, 상도동 삼호아파트)",서울특별시 동작구 상도동 408,서울특별시 동작구청,02-820-9560,37.4934475,126.9569816,2020-03-27,543777.7506,196195.7464
래미안상도2차아파트경로당,서울특별시 동작구 상도1동,노인시설,2020-05-18,2020-09-30,85.38,21,2,2,N,N,N,,"서울특별시 동작구  상도로55길  47   (상도동, 래미안상도2차아파트)",서울특별시 동작구 상도동 421,서울특별시 동작구청,02-820-9560,37.4979284,126.9587206,2020-03-27,544275.0032,196349.7498
상도현대아파트경로당,서울특별시 동작구 상도1동,노인시설,2020-05-18,2020-09-30,69.25,17,2,1,N,N,N,,서울특별시 동작구 사당로2길 2-32,서울특별시 동작구 상도동 412-0,서울특별시 동작구청,02-820-9560,37.4940453,126.9593814,2020-03-27,543844.0043,196407.997
대림아파트경로당,서울특별시 동작구 상도1동,노인시설,2020-05-18,2020-09-30,68,17,2,1,N,N,N,,서울특별시 동작구 상도로60길 20,서울특별시 동작구 상도동 411-3,서울특별시 동작구청,02-820-9560,37.4932684,126.954053,2020-03-27,543757.9952,195936.7513
고경경로당,서울특별시 동작구 상도1동,노인시설,2020-05-18,2020-09-30,206.16,52,6,2,N,N,N,,서울특별시 동작구  상도로53가길  16   (상도동),서울특별시 동작구 상도동 438,서울특별시 동작구청,02-820-9560,37.4974355,126.9538865,2020-03-27,544220.4962,195922.2537
청송경로당,서울특별시 동작구 상도1동,노인시설,2020-05-18,2020-09-30,192.72,48,6,5,N,N,N,,서울특별시 동작구  상도로52길  23   (상도동),서울특별시 동작구 상도동 471-7,서울특별시 동작구청,02-820-9560,37.4972114,126.9510114,2020-03-27,544195.7524,195668.0001
상도SH-Ville아파경로당,서울특별시 동작구 상도1동,노인시설,2020-05-18,2020-09-30,230.73,58,9,3,N,N,N,,서울특별시 동작구 상도로53길 70,서울특별시 동작구 상도동 439-0,서울특별시 동작구청,02-820-9560,37.5028531,126.9544684,2020-03-27,544821.7546,195974.0011
터널경로당,서울특별시 동작구 상도1동,노인시설,2020-05-18,2020-09-30,39,31,4,2,N,N,N,,서울특별시 동작구 매봉로 36,서울특별시 동작구 상도1동 535-0,서울특별시 동작구청,02-820-9560,37.5065189,126.9513107,2020-03-27,545228.751,195695.0012
중앙하이츠아파트경로당,서울특별시 동작구 상도1동,노인시설,2020-05-18,2020-09-30,71.92,18,2,1,N,N,N,,서울특별시 동작구 상도로 320,서울특별시 동작구 상도동 415-0,서울특별시 동작구청,02-820-9560,37.5000355,126.9497599,2020-03-27,544509.2492,195557.4988
상도1동 주민센터,서울특별시 동작구 상도1동,주민센터,2020-05-18,2020-09-30,624,80,0,1,Y,Y,N,,서울특별시 동작구  상도로53길  9   (상도동),서울특별시 동작구 상도동 437,서울특별시 동작구청,02-820-9560,37.4981222,126.953069,2020-03-27,544296.7467,195850.0014
상도2동경로당,서울특별시 동작구 상도2동,노인시설,2020-05-18,2020-09-30,346.33,80,3,2,N,N,N,,서울특별시 동작구  양녕로36길  13   (상도동),서울특별시 동작구 상도동 159-330,서울특별시 동작구청,02-820-9560,37.5022189,126.9461932,2020-03-27,544751.7527,195242.2504
낙원경로당,서울특별시 동작구 상도2동,노인시설,2020-05-18,2020-09-30,177.82,60,2,2,Y,Y,N,,서울특별시 동작구  상도로30길  73   (상도동),서울특별시 동작구 상도동 28-24,서울특별시 동작구청,02-820-9560,37.5039572,126.9448461,2020-03-27,544944.7506,195123.2491
장수경로당,서울특별시 동작구 상도2동,노인시설,2020-05-18,2020-09-30,235.71,80,4,2,N,N,N,,서울특별시 동작구  장승배기로9나길  20   (상도동),서울특별시 동작구 상도동 200-52,서울특별시 동작구청,02-820-9560,37.5018707,126.9389923,2020-03-27,544713.4954,194605.5013
건영아파트경로당,서울특별시 동작구 상도2동,노인시설,2020-05-18,2020-09-30,195,50,1,1,N,N,N,,"서울특별시 동작구  만양로  26   (상도동, 건영아파트)",서울특별시 동작구 상도동 414,서울특별시 동작구청,02-820-9560,37.5071733,126.9487825,2020-03-27,545301.4996,195471.5029
래미안1차108동아파트경로당,서울특별시 동작구 상도2동,노인시설,2020-05-18,2020-09-30,113,60,2,3,N,N,N,,"서울특별시 동작구  등용로  37   (상도동, 상도동래미안1차아파트)",서울특별시 동작구 상도동 447,서울특별시 동작구청,02-820-9560,37.5052621,126.9330462,2020-03-27,545090.2546,194079.9956
아이파크아파트경로당,서울특별시 동작구 상도2동,노인시설,2020-05-18,2020-09-30,138,60,2,2,N,N,N,,"서울특별시 동작구  장승배기로  26   (상도동, 아이파크상도동)",서울특별시 동작구 상도동 416,서울특별시 동작구청,02-820-9560,37.5008676,126.941908,2020-03-27,544602.0011,194863.2483
삼성래미안1차아파트경로당,서울특별시 동작구 상도2동,노인시설,2020-05-18,2020-09-30,151.88,60,2,1,N,N,N,,"서울특별시 동작구  등용로  37   (상도동, 상도동래미안1차아파트)",서울특별시 동작구 상도동 450,서울특별시 동작구청,02-820-9560,37.5044651,126.9337962,2020-03-27,545001.7509,194146.2478
상도더샵아파트경로당,서울특별시 동작구 상도2동,노인시설,2020-05-18,2020-09-30,159,60,2,3,N,N,N,,서울특별시 동작구 장승배기로4길 9,서울특별시 동작구 상도동 521-0,서울특별시 동작구청,02-820-9560,37.5016426,126.9423061,2020-03-27,544687.9945,194898.5028
브라운스톤상도아파트경로당,서울특별시 동작구 상도2동,노인시설,2020-05-18,2020-09-30,159,60,2,1,N,N,N,,"서울특별시 동작구  상도로31길  19   (상도동, 브라운스톤 상도)",서울특별시 동작구 상도동 527,서울특별시 동작구청,02-820-9560,37.5060179,126.9440077,2020-03-27,545173.5055,195049.2532
동원베네스트아파트경로당,서울특별시 동작구 상도2동,노인시설,2020-05-18,2020-09-30,44.47,20,1,2,N,N,N,,"서울특별시 동작구  상도로34길  42   (상도동, 상도동 동원베네스트)",서울특별시 동작구 상도동 528,서울특별시 동작구청,02-820-9560,37.5030516,126.9446545,2020-03-27,544844.2506,195106.2486
이편한세상 상도노빌리티아파트 경로당,서울특별시 동작구 상도2동,노인시설,2020-05-18,2020-09-30,238.69,70,,5,N,N,N,,서울특별시 동작구 상도로 249,서울특별시 동작구 상도동 36-1,서울특별시 동작구청,02-820-9560,37.5053621,126.9482974,2020-03-27,545100.5031,195428.5014
상도2동 주민센터,서울특별시 동작구 상도2동,주민센터,2020-05-18,2020-09-30,636,80,6,3,Y,Y,N,,서울특별시 동작구  상도로  211   (상도동),서울특별시 동작구 상도동 25-48,서울특별시 동작구청,02-820-9560,37.5054945,126.9423314,2020-03-27,545115.5044,194901.0019
상도3동경로당,서울특별시 동작구 상도3동,노인시설,2020-05-18,2020-09-30,124.25,41,2,2,N,N,N,,서울특별시 동작구 국사봉1길 221-7,서울특별시 동작구 상도동 283-226,서울특별시 동작구청,02-820-9560,37.4934517,126.9363305,2020-03-27,543779.2517,194369.5043
쌍용스윗닷홈아파트경로당,서울특별시 동작구 상도3동,노인시설,2020-05-18,2020-09-30,111.7,65,2,1,N,N,N,,"서울특별시 동작구  상도로  107   (상도동, 쌍용스윗닷홈)",서울특별시 동작구 상도동 418,서울특별시 동작구청,02-820-9560,37.5013825,126.9316926,2020-03-27,544659.7549,193959.9988
성대경로당,서울특별시 동작구 상도3동,노인시설,2020-05-18,2020-09-30,180.15,59,5,4,Y,Y,N,,서울특별시 동작구  상도로13길  16   (상도동),서울특별시 동작구 상도동 336-5,서울특별시 동작구청,02-820-9560,37.5012735,126.9302762,2020-03-27,544647.7492,193834.7463
갑을명가1차아파트경로당,서울특별시 동작구 상도3동,노인시설,2020-05-18,2020-09-30,35.54,39,2,2,N,N,N,,"서울특별시 동작구  국사봉길  178   (상도동, 상도1차 갑을명가아파트)",서울특별시 동작구 상도동 458,서울특별시 동작구청,02-820-9560,37.4935902,126.9341875,2020-03-27,543794.7537,194180.0027
갑을명가2차아파트경로당,서울특별시 동작구 상도3동,노인시설,2020-05-18,2020-09-30,66.88,33,2,1,N,N,N,,"서울특별시 동작구  국사봉길  175   (상도동, 상도2차갑을명가아파트)",서울특별시 동작구 상도동 459,서울특별시 동작구청,02-820-9560,37.4935862,126.9352448,2020-03-27,543794.2449,194273.5026
상도3동 주민센터,서울특별시 동작구 상도3동,주민센터,2020-05-18,2020-09-30,408.63,100,2,13,Y,Y,N,,서울특별시 동작구  성대로2길  11   (상도동),서울특별시 동작구 상도동 315-37,서울특별시 동작구청,02-820-9560,37.4992063,126.9313412,2020-03-27,544418.2475,193928.7505
약수경로당,서울특별시 동작구 상도4동,노인시설,2020-05-18,2020-09-30,124.25,20,2,2,N,N,N,,서울특별시 동작구 양녕로30길 5,서울특별시 동작구 상도동 211-444,서울특별시 동작구청,02-820-9560,37.4994363,126.9447615,2020-03-27,544442.9934,195115.4742
성대골경로당,서울특별시 동작구 상도4동,노인시설,2020-05-18,2020-09-30,180.15,30,4,2,N,N,N,,서울특별시 동작구  성대로10나길  1-4  (상도동),서울특별시 동작구 상도동 261-16,서울특별시 동작구청,02-820-9560,37.4973118,126.9349758,2020-03-27,544207.7543,194249.9998
경향렉스빌아파트경로당,서울특별시 동작구 상도4동,노인시설,2020-05-18,2020-09-30,112,20,1,1,N,N,N,,"서울특별시 동작구  양녕로23길  9   (상도동, 경향렉스빌)",서울특별시 동작구 상도동 445,서울특별시 동작구청,02-820-9560,37.4953242,126.9419604,2020-03-27,543986.7529,194867.5024
동아(아) 경로당,서울특별시 동작구 상도4동,노인시설,2020-05-18,2020-09-30,29.3,8,1,1,N,N,N,,"서울특별시 동작구  양녕로23길  43   (상도동, 동아아파트)",서울특별시 동작구 상도동 409,서울특별시 동작구청,02-820-9560,37.4962309,126.9399779,2020-03-27,544087.4947,194692.2521
송학경로당(상도동),서울특별시 동작구 상도4동,노인시설,2020-05-18,2020-09-30,104.22,30,3,2,N,N,N,,"서울특별시 동작구  양녕로27길  41 , 송학경로당 데이케어센터 (상도동)",서울특별시 동작구 상도동 210-249 송학경로당 데이케어센터,서울특별시 동작구청,02-820-9560,37.4991285,126.9415192,2020-03-27,544409.0048,194828.749
상도4동 경로당,서울특별시 동작구 상도4동,노인시설,2020-05-18,2020-09-30,89.1,20,2,2,N,N,N,,서울특별시 동작구  양녕로22바길  74   (상도동),서울특별시 동작구 상도동 211-83,서울특별시 동작구청,02-820-9560,37.4980882,126.9472366,2020-03-27,544293.2463,195334.2538
상도4동 주민센터,서울특별시 동작구 상도4동,주민센터,2020-05-18,2020-09-30,574.86,20,2,4,Y,Y,N,,서울특별시 동작구  성대로29길  53   (상도동),서울특별시 동작구 상도동 188-81,서울특별시 동작구청,02-820-9560,37.5005704,126.9377946,2020-03-27,544569.2482,194499.5014
약수도서관,서울특별시 동작구 상도4동,기타,2020-05-18,2020-09-30,15.3,5,0,1,N,N,N,,서울특별시 동작구 양녕로22바길 64,서울특별시 동작구 상도동 211-77,서울특별시 동작구청,02-820-9560,37.4978901,126.9474148,2020-03-27,544271.2509,195349.9993
흑석한강센트레빌1차아파트경로,서울특별시 동작구 흑석동,노인시설,2020-05-18,2020-09-30,147.54,60,2,1,N,N,N,,"서울특별시 동작구  흑석한강로  12   (흑석동, 흑석한강센트레빌)",서울특별시 동작구 흑석동 335 흑석한강센트레빌,서울특별시 동작구청,02-820-9560,37.5061813,126.9648545,2020-03-27,545190.7483,196892.4997
동양아파트경로당,서울특별시 동작구 흑석동,노인시설,2020-05-18,2020-09-30,109.2,60,1,2,N,N,N,,"서울특별시 동작구  서달로1길  17   (흑석동, 흑석동양아파트)",서울특별시 동작구 흑석동 328,서울특별시 동작구청,02-820-9560,37.5004129,126.9587192,2020-03-27,544550.7506,196349.7469
달마경로당,서울특별시 동작구 흑석동,노인시설,2020-05-18,2020-09-30,99.08,40,2,3,N,N,N,,서울특별시 동작구  서달로  54-15  (흑석동),서울특별시 동작구 흑석동 256-1,서울특별시 동작구청,02-820-9560,37.4990849,126.9616631,2020-03-27,544403.2497,196610.0012
한강현대아파트경로당,서울특별시 동작구 흑석동,노인시설,2020-05-18,2020-09-30,132,40,0,2,N,N,N,,"서울특별시 동작구  현충로  151   (흑석동, 한강현대아파트)",서울특별시 동작구 흑석동 28 한강현대아파트,서울특별시 동작구청,02-820-9560,37.506586,126.9704075,2020-03-27,545235.4959,197383.4999
흑석센트레빌2차아파트경로당,서울특별시 동작구 흑석동,노인시설,2020-05-18,2020-09-30,224.19,80,3,4,N,N,N,,서울특별시 동작구  서달로  91   (흑석동),서울특별시 동작구 흑석동 339,서울특별시 동작구청,02-820-9560,37.5022329,126.9585656,2020-03-27,544752.753,196336.2538
흑석동 주민센터,서울특별시 동작구 흑석동,주민센터,2020-05-18,2020-09-30,736.71,80,4,6,Y,Y,N,,서울특별시 동작구  흑석한강로  11   (흑석동),서울특별시 동작구 흑석동 335-2,서울특별시 동작구청,02-820-9560,37.5057831,126.9665907,2020-03-27,545146.4973,197045.9956
흑석경로당,서울특별시 동작구 흑석동,노인시설,2020-05-18,2020-09-30,389.48,80,4,2,N,N,N,,서울특별시 동작구  서달로13길  17   (흑석동),서울특별시 동작구 흑석동 181-23,서울특별시 동작구청,02-820-9560,37.5084509,126.961876,2020-03-27,545442.7473,196629.2483
흑석푸르지오아파트경로당,서울특별시 동작구 흑석동,노인시설,2020-05-18,2020-09-30,176.48,60,5,4,N,N,N,,"서울특별시 동작구  흑석한강로  27   (흑석동, 흑석한강푸르지오)",서울특별시 동작구 흑석동 336 흑석한강푸르지오,서울특별시 동작구청,02-820-9560,37.5031541,126.9654016,2020-03-27,544854.7501,196940.7498
우리유앤미아파트경로당,서울특별시 동작구 흑석동,노인시설,2020-05-18,2020-09-30,49.84,20,0,2,N,N,N,,"서울특별시 동작구  서달로  83   (흑석동, 우리유앤미아파트)",서울특별시 동작구 흑석동 329,서울특별시 동작구청,02-820-9560,37.5006587,126.9596493,2020-03-27,544577.9955,196432.0027
비개경로당,서울특별시 동작구 흑석동,노인시설,2020-05-18,2020-09-30,284.75,80,2,2,Y,Y,N,,서울특별시 동작구  현충로12길  106-8  (흑석동),서울특별시 동작구 흑석동 295-2,서울특별시 동작구청,02-820-9560,37.5039975,126.9686838,2020-03-27,544948.255,197230.9987
번영경로당,서울특별시 동작구 흑석동,노인시설,2020-05-18,2020-09-30,272.06,80,3,2,N,N,N,,서울특별시 동작구  서달로10다길  29   (흑석동),서울특별시 동작구 흑석동 64-13,서울특별시 동작구청,02-820-9560,37.5039916,126.963979,2020-03-27,544947.749,196814.9966
송림경로당,서울특별시 동작구 흑석동,노인시설,2020-05-18,2020-09-30,82.51,40,3,2,N,N,N,,"서울특별시 동작구  서달로2길  29   (흑석동, 청호아파트)",서울특별시 동작구 흑석동 327청호,서울특별시 동작구청,02-820-9560,37.5011847,126.9632142,2020-03-27,544636.2455,196747.2506
해피경로당,서울특별시 동작구 흑석동,노인시설,2020-05-18,2020-09-30,92.27,40,2,3,N,N,N,,서울특별시 동작구 서달로10길 64,서울특별시 동작구 흑석동 84-10,서울특별시 동작구청,02-820-9560,37.504212,126.9628225,2020-03-27,544972.2504,196712.7477
명수대현대아파트경로당,서울특별시 동작구 흑석동,노인시설,2020-05-18,2020-09-30,135,60,1,2,N,N,N,,서울특별시 동작구 현충로 119,서울특별시 동작구 흑석동 10-0,서울특별시 동작구청,02-820-9560,37.5075647,126.9661178,2020-03-27,545344.247,197004.2536
송학경로당(사당동),서울특별시 동작구 사당1동,노인시설,2020-05-18,2020-09-30,224.4,56,6,2,N,N,N,,서울특별시 동작구 동작대로9가길 24-4,서울특별시 동작구 사당동 1027-23,서울특별시 동작구청,02-820-9560,37.4797852,126.9789173,2020-03-27,542260.7553,198135.2504
르메이에르아파트경로당,서울특별시 동작구 사당1동,노인시설,2020-05-18,2020-09-30,23.04,5,2,1,N,N,N,,"서울특별시 동작구  사당로20길  119   (사당동, 르메이에르)",서울특별시 동작구 사당동 1141,서울특별시 동작구청,02-820-9560,37.4784213,126.9737029,2020-03-27,542109.4967,197673.9982
사당1동경로당,서울특별시 동작구 사당1동,노인시설,2020-05-18,2020-09-30,137.27,30,2,1,Y,Y,N,,서울특별시 동작구 사당로20길 132,서울특별시 동작구 사당동 316-40,서울특별시 동작구청,02-820-9560,37.479706,126.973234,2020-03-27,542252.0929,197632.5641
사당어르신종합복지관,서울특별시 동작구 사당1동,복지회관,2020-05-18,2020-09-30,255.84,50,0,6,Y,Y,N,,서울특별시 동작구  남부순환로  2081   (사당동),서울특별시 동작구 사당동 1044-42,서울특별시 동작구청,02-820-9560,37.477053,126.9798592,2020-03-27,541957.4994,198218.4959
사당1동 주민센터,서울특별시 동작구 사당1동,주민센터,2020-05-18,2020-09-30,472.27,118,1,1,Y,Y,N,,"서울특별시 동작구  동작대로17길  28 , 사당1동 주민센터 (사당동)",서울특별시 동작구 사당동 1004-52 사당1동 주민센터,서울특별시 동작구청,02-820-9560,37.4831526,126.978693,2020-03-27,542634.4964,198115.4958
배나무골경로당,서울특별시 동작구 사당2동,노인시설,2020-05-18,2020-09-30,247.55,80,12,4,N,N,N,,"서울특별시 동작구  동작대로29바길  3 , 동작동노인정(배나무골경로당) (사당동)",서울특별시 동작구 사당동 77-24 동작동노인정(배나무골경로당),서울특별시 동작구청,02-820-9560,37.4896695,126.9804665,2020-03-27,543357.7521,198272.5036
신동아4단지아파트경로당,서울특별시 동작구 사당2동,노인시설,2020-05-18,2020-09-30,135,80,2,1,N,N,N,,"서울특별시 동작구  동작대로29길  110   (사당동, 신동아아파트)",서울특별시 동작구 사당동 105 신동아아파트,서울특별시 동작구청,02-820-9560,37.4900002,126.9779759,2020-03-27,543394.5041,198052.2495
신동아5단지아파트경로당,서울특별시 동작구 사당2동,노인시설,2020-05-18,2020-09-30,82.5,80,2,1,N,N,N,,"서울특별시 동작구  동작대로29길  118   (사당동, 신동아아파트)",서울특별시 동작구 사당동 1137 신동아아파트,서울특별시 동작구청,02-820-9560,37.4910226,126.9768759,2020-03-27,543508.0004,197954.9964
남성경로당,서울특별시 동작구 사당2동,노인시설,2020-05-18,2020-09-30,121.62,80,7,2,N,N,N,,"서울특별시 동작구  동작대로25길  48 , 남성경로당 (사당동)",서울특별시 동작구 사당동 708-490 남성경로당,서울특별시 동작구청,02-820-9560,37.4853063,126.9798994,2020-03-27,542873.5051,198222.2473
우성2단지아파트경로당,서울특별시 동작구 사당2동,노인시설,2020-05-18,2020-09-30,140,80,3,1,N,N,N,,서울특별시 동작구 동작대로29길 91,서울특별시 동작구 사당동 105-0,서울특별시 동작구청,02-820-9560,37.487439,126.9776431,2020-03-27,543110.2516,198022.7501
우성3단지아파트경로당,서울특별시 동작구 사당2동,노인시설,2020-05-18,2020-09-30,100,80,2,1,N,N,N,,서울특별시 동작구 동작대로29길 115,서울특별시 동작구 사당동 105-0,서울특별시 동작구청,02-820-9560,37.4900538,126.9759264,2020-03-27,543400.4974,197870.9989
극동아파트경로당,서울특별시 동작구 사당2동,노인시설,2020-05-18,2020-09-30,100,80,5,2,N,N,N,,서울특별시 동작구 동작대로29길 119,서울특별시 동작구 사당동 105-0,서울특별시 동작구청,02-820-9560,37.4915584,126.9754623,2020-03-27,543567.4988,197829.9987
이수힐스테이트A. 경로당,서울특별시 동작구 사당2동,노인시설,2020-05-18,2020-09-30,179.1,30,2,4,N,N,N,,"서울특별시 동작구 동작동 동작대로39길  22 , 이수힐스테이트 아파트 경로당 (동작동)",서울특별시 동작구 동작동 333 이수힐스테이트 아파트 경로당,서울특별시 동작구청,02-820-9560,37.4944155,126.9800921,2020-03-27,543884.5028,198239.504
동작이수사회복지관,서울특별시 동작구 사당2동,복지회관,2020-05-18,2020-09-30,169.79,60,6,5,Y,Y,N,,"서울특별시 동작구  동작대로35차길  7 , 동작이수사회복지관 (사당동)",서울특별시 동작구 사당동 52-3 동작이수사회복지관,서울특별시 동작구청,02-820-9560,37.4931422,126.976864,2020-03-27,543743.2485,197954.0018
사당2동 주민센터,서울특별시 동작구 사당2동,주민센터,2020-05-18,2020-09-30,866.85,80,6,5,Y,Y,N,,"서울특별시 동작구  동작대로29길  52 , 사당2동 주민센터 (사당동)",서울특별시 동작구 사당동 105-12 사당2동 주민센터,서울특별시 동작구청,02-820-9560,37.4887525,126.9792455,2020-03-27,543256.0003,198164.4989
금강KCC아파트경로당,서울특별시 동작구 사당2동,노인시설,2020-05-18,2020-09-30,39,30,1,1,N,N,N,,"서울특별시 동작구  동작대로39가길  55   (동작동, 동작동금강KCC아파트)",서울특별시 동작구 동작동 331,서울특별시 동작구청,02-820-9560,37.4939985,126.9784384,2020-03-27,543838.2535,198093.2533
이수교KCC아파트경로당,서울특별시 동작구 사당2동,노인시설,2020-05-18,2020-09-30,95.2,80,1,1,N,N,N,,"서울특별시 동작구  동작대로45길  22   (동작동, 이수교KCC스위첸)",서울특별시 동작구 동작동 332,서울특별시 동작구청,02-820-9560,37.4976638,126.9810779,2020-03-27,544245.0038,198326.7528
사당두산위브트레지움아파트경로,서울특별시 동작구 사당3동,노인시설,2020-05-18,2020-09-30,107.31,60,3,3,N,N,N,,서울특별시 동작구 사당로13길 31,서울특별시 동작구 사당동 1131-0,서울특별시 동작구청,02-820-9560,37.48555,126.971391,2020-03-27,542900.7472,197469.749
삼화경로당,서울특별시 동작구 사당3동,노인시설,2020-05-18,2020-09-30,100.2,60,3,2,N,N,N,,서울특별시 동작구  사당로13길  42   (사당동),서울특별시 동작구 사당동 1131-13,서울특별시 동작구청,02-820-9560,37.4859376,126.9719025,2020-03-27,542943.7521,197515.0002
삼익경로당,서울특별시 동작구 사당3동,노인시설,2020-05-18,2020-09-30,102,60,4,1,N,N,N,,"서울특별시 동작구  사당로27길  190   (사당동, 롯데캐슬)",서울특별시 동작구 사당동 1132,서울특별시 동작구청,02-820-9560,37.4901814,126.9723165,2020-03-27,543414.7471,197551.7537
삼일공원경로당,서울특별시 동작구 사당3동,노인시설,2020-05-18,2020-09-30,125.5,60,2,2,N,N,N,,서울특별시 동작구  사당로23길  57-7  (사당동),서울특별시 동작구 사당동 산24-17,서울특별시 동작구청,02-820-9560,37.4866137,126.9735502,2020-03-27,543018.748,197660.7472
대림아파트경로당,서울특별시 동작구 사당3동,노인시설,2020-05-18,2020-09-30,87,40,3,2,N,N,N,,서울특별시 동작구 사당로17길 52,서울특별시 동작구 사당동 169-8,서울특별시 동작구청,02-820-9560,37.4872553,126.9719105,2020-03-27,543089.9991,197515.7514
현대아파트경로당,서울특별시 동작구 사당3동,노인시설,2020-05-18,2020-09-30,50,20,2,1,N,N,N,,"서울특별시 동작구  사당로17길  111   (사당동, 현대아파트)",서울특별시 동작구 사당동 169-32 현대아파트,서울특별시 동작구청,02-820-9560,37.4879465,126.9704884,2020-03-27,543166.7517,197390.0042
경남아너스빌아파트(대아)경로,서울특별시 동작구 사당3동,노인시설,2020-05-18,2020-09-30,155,60,3,1,N,N,N,,"서울특별시 동작구  사당로9가길  82   (사당동, 대아아파트)",서울특별시 동작구 사당동 1134,서울특별시 동작구청,02-820-9560,37.4884232,126.967308,2020-03-27,543219.752,197108.7491
동작삼성래미안아파트경로당,서울특별시 동작구 사당3동,노인시설,2020-05-18,2020-09-30,133.03,60,5,2,N,N,N,,"서울특별시 동작구  사당로23바길  9   (사당동, 동작삼성래미안아파트)",서울특별시 동작구 사당동 1133,서울특별시 동작구청,02-820-9560,37.489726,126.9707816,2020-03-27,543364.2447,197415.996
사당롯데캐슬2차A.경로당,서울특별시 동작구 사당3동,노인시설,2020-05-18,2020-09-30,49.89,20,1,2,N,N,N,,"서울특별시 동작구  사당로27길  181   (사당동, 사당 롯데캐슬)",서울특별시 동작구 사당동 1149,서울특별시 동작구청,02-820-9560,37.4902532,126.9711433,2020-03-27,543422.7471,197448.0018
학수경로당,서울특별시 동작구 사당3동,노인시설,2020-05-18,2020-09-30,62.21,40,4,1,N,N,N,,서울특별시 동작구 사당로27길 231,서울특별시 동작구 사당동 178-24,서울특별시 동작구청,02-820-9560,37.492037,126.9701277,2020-03-27,543620.7535,197358.2481
이수역리가아파트 경로당,서울특별시 동작구 사당3동,노인시설,2020-05-18,2020-09-30,106.97,50,2,1,N,N,N,,서울특별시 동작구 사당로27길 130,서울특별시 동작구 사당동 171-0,서울특별시 동작구청,02-820-9560,37.4887989,126.9745586,2020-03-27,543261.2518,197749.9969
래미안로이파크아파트 경로당,서울특별시 동작구 사당3동,노인시설,2020-05-18,2020-09-30,183,80,0,4,N,N,N,,서울특별시 동작구 사당로23길 112,서울특별시 동작구 사당동 168-12,서울특별시 동작구청,02-820-9560,37.4875982,126.9743272,2020-03-27,543127.9955,197729.4958
사당3동 주민센터,서울특별시 동작구 사당3동,주민센터,2020-05-18,2020-09-30,859,80,5,2,Y,Y,N,,서울특별시 동작구  사당로17길  86   (사당동),서울특별시 동작구 사당동 169-12,서울특별시 동작구청,02-820-9560,37.4866269,126.9720888,2020-03-27,543020.2503,197531.4996
삼익그린뷰아파트경로당,서울특별시 동작구 사당4동,노인시설,2020-05-18,2020-09-30,74.84,40,4,2,N,N,N,,"서울특별시 동작구  남부순환로255길  21   (사당동, 사당삼익그린뷰아파트)",서울특별시 동작구 사당동 1150,서울특별시 동작구청,02-820-9560,37.4773008,126.9692715,2020-03-27,541985.2549,197281.9964
신남성경로당,서울특별시 동작구 사당4동,노인시설,2020-05-18,2020-09-30,258.99,70,5,4,N,N,N,,서울특별시 동작구  사당로16길  56   (사당동),서울특별시 동작구 사당동 297-17,서울특별시 동작구청,02-820-9560,37.4813537,126.9720229,2020-03-27,542434.9968,197525.4974
사당KCC아파트경로당,서울특별시 동작구 사당4동,노인시설,2020-05-18,2020-09-30,30,20,1,1,N,N,N,,"서울특별시 동작구  사당로20나길  57   (사당동, 케이씨씨아파트)",서울특별시 동작구 사당동 1153,서울특별시 동작구청,02-820-9560,37.481514,126.9737075,2020-03-27,542452.745,197674.501
진흥아파트경로당,서울특별시 동작구 사당4동,노인시설,2020-05-18,2020-09-30,20,20,4,1,N,N,N,,"서울특별시 동작구  사당로16아길  43   (사당동, 진흥아파트)",서울특별시 동작구 사당동 1142,서울특별시 동작구청,02-820-9560,37.480256,126.9691234,2020-03-27,542313.2469,197269.0042
휴먼시아아파트경로당,서울특별시 동작구 사당4동,노인시설,2020-05-18,2020-09-30,127.8,20,3,1,N,N,N,,"서울특별시 동작구  사당로16길  96   (사당동, 사당휴먼시아)",서울특별시 동작구 사당동 1154,서울특별시 동작구청,02-820-9560,37.4786299,126.9699804,2020-03-27,542132.747,197344.7472
사당4동 경로당,서울특별시 동작구 사당4동,노인시설,2020-05-18,2020-09-30,144.62,60,2,1,N,N,N,,서울특별시 동작구  사당로16라길  9   (사당동),서울특별시 동작구 사당동 278-34,서울특별시 동작구청,02-820-9560,37.4826508,126.9703237,2020-03-27,542579.0037,197375.2529
사당종합사회복지관,서울특별시 동작구 사당4동,복지회관,2020-05-18,2020-09-30,41.6,20,1,1,Y,Y,N,,서울특별시 동작구  사당로14길  20   (사당동),서울특별시 동작구 사당동 268-6,서울특별시 동작구청,02-820-9560,37.483275,126.9715021,2020-03-27,542648.2494,197479.4986
사당4동 주민센터,서울특별시 동작구 사당4동,주민센터,2020-05-18,2020-09-30,271,80,3,3,Y,Y,N,,"서울특별시 동작구  사당로16아길  6 , 사당4동 주민센터 (사당동)",서울특별시 동작구 사당동 300-8 사당4동 주민센터,서울특별시 동작구청,02-820-9560,37.4809662,126.9716274,2020-03-27,542391.9999,197490.5035
사당5동구립경로당,서울특별시 동작구 사당5동,노인시설,2020-05-18,2020-09-30,299.49,80,4,2,Y,Y,N,,서울특별시 동작구  사당로6길  3-8  (사당동),서울특별시 동작구 사당동 214-5,서울특별시 동작구청,02-820-9560,37.4863757,126.9675831,2020-03-27,542992.4981,197133.0004
제일아파트경로당,서울특별시 동작구 사당5동,노인시설,2020-05-18,2020-09-30,30,7,1,1,N,N,N,,"서울특별시 동작구  사당로16다길  57   (사당동, 제일아파트)",서울특별시 동작구 사당동 240-15,서울특별시 동작구청,02-820-9560,37.4829299,126.9695095,2020-03-27,542610.0031,197303.2503
사당자이아파트경로당,서울특별시 동작구 사당5동,노인시설,2020-05-18,2020-09-30,66.69,16,2,2,N,N,N,,"서울특별시 동작구  사당로2가길  102   (사당동, 사당자이아파트)",서울특별시 동작구 사당동 1139,서울특별시 동작구청,02-820-9560,37.4887709,126.9625475,2020-03-27,543258.499,196687.7501
남해오네뜨아파트경로당,서울특별시 동작구 사당5동,노인시설,2020-05-18,2020-09-30,58.26,14,2,1,N,N,N,,"서울특별시 동작구  사당로2가길  173   (사당동, 남해오네뜨아파트)",서울특별시 동작구 사당동 1143,서울특별시 동작구청,02-820-9560,37.4870396,126.9655108,2020-03-27,543066.2474,196949.7501
삼호그린아파트경로당,서울특별시 동작구 사당5동,노인시설,2020-05-18,2020-09-30,87.44,21,3,1,N,N,N,,"서울특별시 동작구  사당로2가길  188   (사당동, 삼호그린아파트)",서울특별시 동작구 사당동 1138,서울특별시 동작구청,02-820-9560,37.486089,126.9653586,2020-03-27,542960.7483,196936.2506
사당5동 주민센터,서울특별시 동작구 사당5동,주민센터,2020-05-18,2020-09-30,"1,269.50",317,10,2,Y,Y,N,,서울특별시 동작구  사당로2가길  219   (사당동),서울특별시 동작구 사당동 228-11,서울특별시 동작구청,02-820-9560,37.4856322,126.9670068,2020-03-27,542909.9972,197082.0027
사당솔밭도서관,서울특별시 동작구 사당5동,기타,2020-05-18,2020-09-30,17.3,5,,1,N,N,N,,서울특별시 동작구 솔밭로 86,서울특별시 동작구 사당동 708-1188,서울특별시 동작구청,02-820-9560,37.4840465,126.9673382,2020-03-27,542733.9952,197111.2514
대방중앙경로당,서울특별시 동작구 대방동,노인시설,2020-05-18,2020-09-30,204.36,80,3,2,N,N,N,,서울특별시 동작구  여의대방로24라길  4   (대방동),서울특별시 동작구 대방동 407-48,서울특별시 동작구청,02-820-9560,37.4981152,126.9226176,2020-03-27,544297.748,193157.2544
동작노인종합복지관,서울특별시 동작구 대방동,복지회관,2020-05-18,2020-09-30,26.3,25,1,2,Y,Y,N,,"서울특별시 동작구  상도로11길  7 , 동작노인복지관 (대방동)",서울특별시 동작구 대방동 335-10 동작노인복지관,서울특별시 동작구청,02-820-9560,37.5004191,126.9291348,2020-03-27,544552.9972,193733.7478
대방종합사회복지관,서울특별시 동작구 대방동,복지회관,2020-05-18,2020-09-30,22.3,15,1,1,Y,Y,N,,"서울특별시 동작구  여의대방로44길  47   (대방동, 대방2단지주공아파트)",서울특별시 동작구 대방동 503,서울특별시 동작구청,02-820-9560,37.5101708,126.9300927,2020-03-27,545635.2473,193819.2541
동작종합사회복지관,서울특별시 동작구 대방동,복지회관,2020-05-18,2020-09-30,115,60,4,3,Y,Y,N,,서울특별시 동작구  등용로  47   (대방동),서울특별시 동작구 대방동 5-1,서울특별시 동작구청,02-820-9560,37.5057668,126.9333427,2020-03-27,545146.2512,194106.2516
대방동 현대1차(아) 경로당,서울특별시 동작구 대방동,노인시설,2020-05-18,2020-09-30,114.48,60,2,1,N,N,N,,"서울특별시 동작구  등용로  127   (대방동, 대방동현대아파트)",서울특별시 동작구 대방동 502,서울특별시 동작구청,02-820-9560,37.5127842,126.9308141,2020-03-27,545925.2543,193883.2488
신대방2동경로당,서울특별시 동작구 대방동,노인시설,2020-05-18,2020-09-30,290,72,7,2,N,N,N,,서울특별시 동작구  여의대방로24가길  2   (대방동),서울특별시 동작구 대방동 407-8,서울특별시 동작구청,02-820-9560,37.4982089,126.9212576,2020-03-27,544308.2472,193037.0014
신일해피트리아파트@경로당,서울특별시 동작구 대방동,노인시설,2020-05-18,2020-09-30,78.42,40,1,1,N,N,N,,"서울특별시 동작구  여의대방로62길  7   (대방동, 대방동신일해피트리)",서울특별시 동작구 대방동 510,서울특별시 동작구청,02-820-9560,37.5138003,126.9275669,2020-03-27,546038.2446,193596.2495
경남아너스빌아파트경로당,서울특별시 동작구 대방동,노인시설,2020-05-18,2020-09-30,65.45,40,2,1,N,N,N,,"서울특별시 동작구  여의대방로54길  6   (대방동, 대방동경남아너스빌)",서울특별시 동작구 대방동 512,서울특별시 동작구청,02-820-9560,37.5114926,126.9256972,2020-03-27,545782.2481,193430.7485
대방2차현대아파트 경로당,서울특별시 동작구 대방동,노인시설,2020-05-18,2020-09-30,76,40,3,1,N,N,N,,"서울특별시 동작구  알마타길  58   (대방동, 대방2차현대아파트)",서울특별시 동작구 대방동 506,서울특별시 동작구청,02-820-9560,37.5108563,126.9313079,2020-03-27,545711.25,193926.7497
대방2차e편한세상아파트 경로당,서울특별시 동작구 대방동,노인시설,2020-05-18,2020-09-30,21,20,1,1,N,N,N,,"서울특별시 동작구  알마타길  53   (대방동, 대방2차e-편한세상)",서울특별시 동작구 대방동 507,서울특별시 동작구청,02-820-9560,37.5121355,126.9309787,2020-03-27,545853.2462,193897.7484
대방e-편한아파트경로당,서울특별시 동작구 대방동,노인시설,2020-05-18,2020-09-30,65.9,40,2,1,N,N,N,,"서울특별시 동작구  알마타길  37   (대방동, 대방1차e-편한세상)",서울특별시 동작구 대방동 508,서울특별시 동작구청,02-820-9560,37.5120645,126.9289937,2020-03-27,545845.4967,193722.2463
대방경로당,서울특별시 동작구 대방동,노인시설,2020-05-18,2020-09-30,82,40,2,2,N,N,N,,"서울특별시 동작구  여의대방로36길  99 , 학구단위노인회 (대방동)",서울특별시 동작구 대방동 20-6 학구단위노인회,서울특별시 동작구청,02-820-9560,37.508712,126.9315106,2020-03-27,545473.247,193944.4977
우정A.경로당,서울특별시 동작구 대방동,노인시설,2020-05-18,2020-09-30,101,60,1,1,N,N,N,,"서울특별시 동작구  여의대방로62길  23   (대방동, 우정아파트)",서울특별시 동작구 대방동 505,서울특별시 동작구청,02-820-9560,37.5142409,126.9297354,2020-03-27,546087.0002,193788.0013
성원아파트경로당,서울특별시 동작구 대방동,노인시설,2020-05-18,2020-09-30,30,20,0,1,N,N,N,,서울특별시 동작구  여의대방로  256   (대방동),서울특별시 동작구 대방동 500,서울특별시 동작구청,02-820-9560,37.5095805,126.9260893,2020-03-27,545570.0021,193465.2482
대방대림아파트 경로당,서울특별시 동작구 대방동,노인시설,2020-05-18,2020-09-30,168,60,4,1,N,N,N,,"서울특별시 동작구  여의대방로44길  10   (대방동, 대방동 대림아파트 아파트동)",서울특별시 동작구 대방동 501,서울특별시 동작구청,02-820-9560,37.5075929,126.9247737,2020-03-27,545349.496,193348.7541
대방주공2단지아파트경로당,서울특별시 동작구 대방동,노인시설,2020-05-18,2020-09-30,126,60,2,1,N,N,N,,"서울특별시 동작구  여의대방로44길  47   (대방동, 대방2단지주공아파트)",서울특별시 동작구 대방동 503,서울특별시 동작구청,02-820-9560,37.5097834,126.9300252,2020-03-27,545592.2553,193813.2542
대방주공1단지아파트경로당,서울특별시 동작구 대방동,노인시설,2020-05-18,2020-09-30,154.8,60,3,3,N,N,N,,"서울특별시 동작구  여의대방로44길  47   (대방동, 대방2단지주공아파트)",서울특별시 동작구 대방동 503,서울특별시 동작구청,02-820-9560,37.5109098,126.9302729,2020-03-27,545717.2551,193835.247
북대방경로당,서울특별시 동작구 대방동,노인시설,2020-05-18,2020-09-30,122.8,60,1,1,N,N,N,,서울특별시 동작구  여의대방로54길  24   (대방동),서울특별시 동작구 대방동 346-19호,서울특별시 동작구청,02-820-9560,37.5121291,126.9277976,2020-03-27,545852.7469,193616.5031
대방동 주민센터,서울특별시 동작구 대방동,주민센터,2020-05-18,2020-09-30,956.55,80,0,4,Y,Y,N,,서울특별시 동작구  여의대방로44길  20   (대방동),서울특별시 동작구 대방동 501-2,서울특별시 동작구청,02-820-9560,37.5081683,126.9263395,2020-03-27,545413.2486,193487.2467
신대방1동경로당,서울특별시 동작구 신대방1동,노인시설,2020-05-18,2020-09-30,162,162,2,1,Y,Y,N,,서울특별시 동작구 신대방1길 22,서울특별시 동작구 신대방동 693-9,서울특별시 동작구청,02-820-9560,37.4868351,126.9105025,2020-03-27,543046.7541,192084.7538
우성1차아파트경로당,서울특별시 동작구 신대방1동,노인시설,2020-05-18,2020-09-30,125,125,3,4,N,N,N,,"서울특별시 동작구  여의대방로  22   (신대방동, 우성아파트)",서울특별시 동작구 신대방동 565,서울특별시 동작구청,02-820-9560,37.4922892,126.9116013,2020-03-27,543651.9958,192182.5012
경남교수아파트 경로당,서울특별시 동작구 신대방1동,노인시설,2020-05-18,2020-09-30,63,63,2,2,N,N,N,,"서울특별시 동작구  여의대방로10길  14   (신대방동, 경남교수아파트)",서울특별시 동작구 신대방동 710,서울특별시 동작구청,02-820-9560,37.4960321,126.9135334,2020-03-27,544067.2502,192353.7472
현대아파트 경로당,서울특별시 동작구 신대방1동,노인시설,2020-05-18,2020-09-30,93,93,3,2,N,N,N,,"서울특별시 동작구  여의대방로  28   (신대방동, 현대아파트)",서울특별시 동작구 신대방동 707,서울특별시 동작구청,02-820-9560,37.4947874,126.9117029,2020-03-27,543929.2549,192191.7462
우성2차아파트경로당,서울특별시 동작구 신대방1동,노인시설,2020-05-18,2020-09-30,119,119,3,2,N,N,N,,"서울특별시 동작구  여의대방로  8   (신대방동, 신대방2차우성아파트)",서울특별시 동작구 신대방동 565-21,서울특별시 동작구청,02-820-9560,37.4929844,126.910416,2020-03-27,543729.253,192077.7531
보라매롯데낙천대아파트경로당,서울특별시 동작구 신대방1동,노인시설,2020-05-18,2020-09-30,136.2,136,2,1,N,N,N,,"서울특별시 동작구  여의대방로10길  38   (신대방동, 보라매롯데낙천대아파트)",서울특별시 동작구 신대방동 713,서울특별시 동작구청,02-820-9560,37.4943293,126.9136767,2020-03-27,543878.2499,192366.2459
현진에버빌아파트 경로당,서울특별시 동작구 신대방1동,노인시설,2020-05-18,2020-09-30,55.62,55,2,2,N,N,N,,"서울특별시 동작구  신대방1나길  45   (신대방동, 현진에버빌)",서울특별시 동작구 신대방동 716,서울특별시 동작구청,02-820-9560,37.48599,126.9070831,2020-03-27,542953.2521,191782.2461
경남아파트 경로당,서울특별시 동작구 신대방1동,노인시설,2020-05-18,2020-09-30,83,83,2,2,N,N,N,,"서울특별시 동작구  신대방길  85   (신대방동, 경남아파트)",서울특별시 동작구 신대방동 712,서울특별시 동작구청,02-820-9560,37.4894487,126.9084555,2020-03-27,543337.0034,191903.9971
숲속마을신동아파밀리에아파트 경로당,서울특별시 동작구 신대방1동,노인시설,2020-05-18,2020-09-30,74.47,74,1,2,N,N,N,,"서울특별시 동작구  여의대방로10길  100   (신대방동, 숲속마을 신동아 파밀리에)",서울특별시 동작구 신대방동 717,서울특별시 동작구청,02-820-9560,37.4917328,126.9145306,2020-03-27,543590.0034,192441.4965
동작상떼빌아파트 경로당,서울특별시 동작구 신대방1동,노인시설,2020-05-18,2020-09-30,164.97,164,2,3,N,N,N,,"서울특별시 동작구  신대방1가길  38   (신대방동, 동작상떼빌)",서울특별시 동작구 신대방동 719,서울특별시 동작구청,02-820-9560,37.4876366,126.9070839,2020-03-27,543136.0029,191782.4972
신대방1동 주민센터,서울특별시 동작구 신대방1동,주민센터,2020-05-18,2020-09-30,749.49,60,4,1,Y,Y,N,,서울특별시 동작구  신대방길  72   (신대방동),서울특별시 동작구 신대방동 604-8,서울특별시 동작구청,02-820-9560,37.4889453,126.9100392,2020-03-27,543280.9976,192044.0029
한성아파트 경로당,서울특별시 동작구 신대방2동,노인시설,2020-05-18,2020-09-30,40,10,2,2,N,N,N,,"서울특별시 동작구  여의대방로10길  13   (신대방동, 한성아파트)",서울특별시 동작구 신대방동 470-8,서울특별시 동작구청,02-820-9560,37.4955603,126.9152755,2020-03-27,544014.7464,192507.7542
보라매e편한세상아파트경로당,서울특별시 동작구 신대방2동,노인시설,2020-05-18,2020-09-30,99.74,24,3,1,N,N,N,,"서울특별시 동작구  보라매로  70   (신대방동, 보라매 e편한세상)",서울특별시 동작구 신대방동 720,서울특별시 동작구청,02-820-9560,37.495506,126.9285062,2020-03-27,544007.7489,193677.7497
보라매파크빌아파트 경로당,서울특별시 동작구 신대방2동,노인시설,2020-05-18,2020-09-30,79.27,19,1,2,N,N,N,,"서울특별시 동작구  여의대방로10길  59   (신대방동, 보라매파크빌아파트)",서울특별시 동작구 신대방동 711,서울특별시 동작구청,02-820-9560,37.4943982,126.9155764,2020-03-27,543885.7445,192534.2473
신대방벽산아파트경로당,서울특별시 동작구 신대방2동,노인시설,2020-05-18,2020-09-30,24,15,5,1,N,N,N,,서울특별시 동작구 여의대방로22길 24,서울특별시 동작구 신대방동 709-0,서울특별시 동작구청,02-820-9560,37.4974164,126.9217475,2020-03-27,544220.2539,193080.249
서울시립남부장애인종합복지관,서울특별시 동작구 신대방2동,복지회관,2020-05-18,2020-09-30,66,20,1,1,N,N,N,,서울특별시 동작구 여의대방로20길 33,서울특별시 동작구 신대방동 395-0,서울특별시 동작구청,02-820-9560,37.4902409,126.9167373,2020-03-27,543424.2472,192636.5
신대방2동 주민센터,서울특별시 동작구 신대방2동,주민센터,2020-05-18,2020-09-30,"1,030.00",257,10,24,Y,Y,N,,서울특별시 동작구 여의대방로24길 76,서울특별시 동작구 신대방동 362-20,서울특별시 동작구청,02-820-9560,37.498416,126.9245228,2020-03-27,544330.9961,193325.7536
